{"cameraMode":{"drawMode":0,"name":"Shaded","section":"Shading Mode"},"sceneLighting":false,"audioPlay":false,"sceneViewState":{"showFog":true,"showMaterialUpdate":false,"showSkybox":false,"showFlares":true,"showImageEffects":true,"showParticleSystems":true},"in2DMode":false,"pivot":{"x":2.2821273803710939,"y":44.89554214477539,"z":-22.01648712158203},"rotation":{"x":0.1334165632724762,"y":-0.0644664540886879,"z":0.008730885572731495,"w":0.9889479875564575},"size":125.87527465820313,"orthographic":true}