{"cameraMode":{"drawMode":0,"name":"Shaded","section":"Shading Mode"},"sceneLighting":false,"audioPlay":false,"sceneViewState":{"showFog":true,"showMaterialUpdate":false,"showSkybox":false,"showFlares":true,"showImageEffects":true,"showParticleSystems":true},"in2DMode":false,"pivot":{"x":-20.950000762939454,"y":8.100000381469727,"z":-63.978580474853519},"rotation":{"x":0.04863908886909485,"y":0.941387951374054,"z":-0.15471836924552918,"w":0.2958466112613678},"size":9.9126558303833,"orthographic":true}